,wind_speed_mps,wave_height_m
t1,3.97535,0.84
t2,4.2572,0.84
t3,4.3328,0.87
t4,3.224066667,0.89
t5,3.03075,0.9
t6,2.826083333,0.81
t7,2.649383333,0.84
t8,1.682733333,0.87
t9,3.4938,0.88
t10,5.648816667,0.84
t11,5.60455,0.89
t12,5.5045,0.84
t13,6.71795,0.77
t14,8.611433333,0.79
t15,8.7169,0.81
t16,9.105033333,0.82
t17,10.18791667,0.91
t18,11.01926667,0.98
t19,11.54255,0.96
t20,11.84051667,1.03
t21,12.3862,1.2
t22,13.59663333,1.16
t23,14.34376667,1.28
t24,14.70665,1.34
t25,14.40443333,1.34
t26,12.68936667,1.49
t27,10.74826667,1.31
t28,8.282316667,1.33
t29,4.67475,1.46
t30,2.7918,1.31
t31,5.67295,1.22
t32,13.1582,1.26
t33,13.92358333,1.14
t34,12.22801667,1.37
t35,11.55176667,1.7
t36,11.01116667,1.57
t37,10.24118333,1.59
t38,10.0705,1.55
t39,9.805783333,1.43
t40,9.308116667,1.62
t41,9.422466667,1.45
t42,9.62385,1.56
t43,9.17765,1.5
t44,8.928016667,1.5
t45,8.83445,1.46
t46,8.1501,1.62
t47,7.480383333,1.5
t48,7.601133333,1.47
t49,8.040333333,1.3
t50,8.569666667,1.26
t51,9.137883333,1.26
t52,8.985333333,1.17
t53,9.544916667,1.19
t54,9.602133333,1.19
t55,10.66793333,1.28
t56,11.46368333,1.29
t57,12.44403333,1.43
t58,13.62866667,1.5
t59,13.8958,1.68
t60,14.40296667,1.85
t61,15.28995,1.87
t62,15.66803333,2.07
t63,16.17546667,2.14
t64,15.37301667,2.34
t65,15.82735,2.36
t66,16.34258333,2.43
t67,18.18041667,2.43
t68,18.59043333,2.74
t69,18.90143333,3.08
t70,18.83693333,3.07
t71,22.06645,3.34
t72,20.93201667,3.63
t73,19.93555,3.87
t74,20.31993333,4.13
t75,19.46351667,4.06
t76,18.15418333,4.07
t77,17.27068333,4.2
t78,15.99845,3.73
t79,14.77051667,3.47
t80,14.24386667,3.65
t81,13.71478333,3.87
t82,13.04475,3.26
t83,12.74038333,3.49
t84,12.27728333,3.16
t85,10.84333333,2.87
t86,9.745716667,3.02
t87,8.543483333,2.64
t88,8.528683333,2.61
t89,7.959866667,2.45
t90,6.7823,2.37
t91,4.778383333,1.97
t92,3.711133333,2.14
t93,5.0601,1.82
t94,6.19,1.85
t95,6.847866667,1.88
t96,5.938716667,1.76
t97,6.0945,1.69
t98,8.053883333,1.57
t99,8.981983333,1.44
t100,8.332166667,1.26
t101,7.6223,1.2
t102,8.47755,1.04
t103,9.743816667,1
t104,10.33821667,0.95
t105,8.336416667,0.93
t106,7.1253,0.92
t107,5.04285,0.92
t108,3.175166667,0.85
t109,2.7862,0.91
t110,4.480233333,0.84
t111,4.364883333,0.8
t112,3.756433333,0.76
t113,2.8462,0.73
t114,2.608416667,0.63
t115,1.5966,0.62
t116,1.450166667,0.59
t117,3.047533333,0.63
t118,4.3838,0.57
t119,3.254416667,0.6
t120,3.066233333,0.57
t121,4.0076,0.61
t122,4.163316667,0.56
t123,4.213066667,0.58
t124,4.29275,0.54
t125,5.13735,0.52
t126,4.738683333,0.53
t127,4.899083333,0.53
t128,5.554933333,0.53
t129,6.479666667,0.52
t130,6.332566667,0.48
t131,6.437883333,0.47
t132,6.994266667,0.49
t133,7.53435,0.52
t134,7.321166667,0.52
t135,7.366666667,0.53
t136,7.663433333,0.54
t137,7.284583333,0.56
t138,6.646016667,0.63
t139,6.297866667,0.66
t140,5.972416667,0.69
t141,4.7872,0.65
t142,4.855066667,0.7
t143,5.58955,0.76
t144,4.519483333,0.85
t145,4.907766667,0.91
t146,5.606633333,1.02
t147,4.420733333,1.01
t148,3.485633333,1.01
t149,3.345183333,0.98
t150,3.78455,0.96
t151,3.505483333,0.87
t152,3.624183333,0.91
t153,3.372166667,0.78
t154,4.029,0.74
t155,4.743516667,0.82
t156,3.487333333,0.79
t157,4.3339,0.78
t158,4.996166667,0.89
t159,4.33915,0.87
t160,4.2882,0.86
t161,5.672916667,0.9
t162,4.8591,0.76
t163,3.256833333,0.76
t164,3.43275,0.75
t165,4.280833333,0.76
t166,4.386,0.79
t167,5.092716667,0.77
t168,5.669583333,0.81
t169,6.17415,0.78
t170,6.706233333,0.87
t171,8.699166667,0.93
t172,8.436416667,0.92
t173,8.88495,1.03
t174,8.789833333,0.95
t175,8.8786,1.04
t176,9.411683333,1.02
t177,8.7741,1.05
t178,8.396733333,1.01
t179,8.3649,0.98
t180,7.79395,0.94
t181,8.391316667,0.98
t182,8.257783333,1
t183,8.635016667,0.96
t184,10.32425,0.98
t185,10.53641667,1.01
t186,11.17956667,1.07
t187,11.69111667,1.05
t188,12.01268333,1.1
t189,12.86311667,1.14
t190,12.27335,1.14
t191,12.35248333,1.15
t192,12.33955,1.12
t193,12.10546667,1.09
t194,11.5153,1.06
t195,11.93875,1.08
t196,11.9384,0.95
t197,12.12608333,1.06
t198,11.86336667,1
t199,12.13956667,0.98
t200,11.33565,0.98
t201,10.93598333,1.05
t202,11.75275,1.01
t203,10.57541667,0.94
t204,8.8415,0.9
t205,8.181416667,0.93
t206,8.776816667,0.9
t207,7.75025,0.87
t208,7.319033333,0.82
t209,6.8901,0.77
t210,6.202716667,0.79
t211,7.615116667,0.76
t212,10.08483333,0.69
t213,12.6247,0.82
t214,12.32148333,1.07
t215,12.49135,1.19
t216,13.53315,1.34
t217,14.50615,1.64
t218,14.686,1.86
t219,13.74101667,1.92
t220,13.37845,2.11
t221,13.17478333,2.25
t222,11.63711667,2.17
t223,11.65183333,2.23
t224,12.39131667,2.08
t225,12.91465,2.05
t226,12.38866667,1.94
t227,12.70431667,2.05
t228,13.13968333,2.19
t229,13.81068333,2.42
t230,14.73401667,2.34
t231,15.18191667,2.2
t232,14.55553333,2.42
t233,13.86166667,2.53
t234,13.10065,2.5
t235,12.74008333,2.4
t236,11.54126667,2.39
t237,11.06938333,2.12
t238,10.41828333,2.06
t239,9.94445,2.02
t240,9.2749,1.99
t241,8.872066667,1.79
t242,8.74565,1.85
t243,8.403433333,1.7
t244,8.686283333,1.7
t245,7.886483333,1.61
t246,7.374266667,1.65
t247,6.7554,1.91
t248,6.916,1.63
t249,6.326083333,1.62
t250,6.15505,1.56
t251,5.853816667,1.51
t252,6.660216667,1.58
t253,7.7854,1.5
t254,8.315033333,1.38
t255,8.4774,1.43
t256,8.81635,1.61
t257,9.1215,1.52
t258,9.968683333,1.61
t259,10.23421667,1.49
t260,9.94825,1.54
t261,9.9704,1.52
t262,10.38456667,1.52
t263,10.33421667,1.49
t264,10.26013333,1.48
t265,10.0225,1.46
t266,10.50708333,1.43
t267,10.36041667,1.5
t268,10.08333333,1.39
t269,10.40026667,1.39
t270,9.723683333,1.4
t271,10.41921667,1.32
t272,10.25793333,1.34
t273,9.912866667,1.29
t274,10.05898333,1.33
t275,8.698583333,1.27
t276,7.437783333,1.2
t277,5.495,1.19
t278,2.403883333,1.08
t279,1.477,1
t280,1.88765,0.99
t281,3.189366667,1
t282,2.506466667,1
t283,0.851233333,1.07
t284,0.778333333,1.08
t285,1.81495,1.15
t286,2.3787,1.14
t287,3.080783333,1.15
t288,3.5249,1.06
t289,3.5249,1.1
t290,3.5249,0.99
t291,3.5249,0.95
t292,4.7078,1.02
t293,4.777533333,0.98
t294,4.4587,0.93
t295,4.4587,1.05
t296,4.4587,0.96
t297,5.280116667,0.97
t298,5.6147,0.94
t299,4.350083333,0.89
t300,5.0238,0.95
t301,4.997966667,1.01
t302,5.730516667,1.09
t303,5.02215,0.99
t304,4.23535,1.07
t305,3.052816667,1.08
t306,2.03595,1.07
t307,1.802383333,0.98
t308,1.378683333,0.94
t309,1.597333333,0.95
t310,1.624066667,1.01
t311,3.21235,0.89
t312,3.977916667,0.88
t313,4.022516667,0.9
t314,4.281716667,0.91
t315,5.067316667,0.91
t316,5.592383333,0.84
t317,5.795483333,0.87
t318,7.76205,0.88
t319,7.9879,0.97
t320,8.2847,1
t321,9.648016667,1.04
t322,10.24361667,1.08
t323,9.977766667,1.2
t324,10.72288333,1.24
t325,10.3007,1.25
t326,9.518766667,1.29
t327,9.03665,1.2
t328,8.5182,1.23
t329,7.561633333,1.17
t330,6.84595,1.24
t331,6.91155,1.18
t332,6.7082,1.07
t333,6.327483333,1.12
t334,5.962733333,1.07
t335,5.89395,1.12
t336,6.5812,1.16
t337,7.261633333,1.15
t338,8.475983333,1.27
t339,8.58985,1.2
t340,9.222466667,1.34
t341,9.691733333,1.29
t342,9.328983333,1.38
t343,8.886916667,1.46
t344,9.4846,1.53
t345,9.710583333,1.5
t346,10.0501,1.57
t347,9.335916667,1.61
t348,10.1058,1.52
t349,10.63978333,1.57
t350,11.57435,1.69
t351,11.8311,1.79
t352,12.28795,1.71
t353,12.79406667,2.01
t354,12.60463333,2.13
t355,12.79895,2.09
t356,13.3206,2.44
t357,13.65686667,2.27
t358,12.73325,2.07
t359,12.22931667,2.21
t360,13.03821667,2.14
t361,14.50911667,2.27
t362,13.38521667,2.57
t363,13.38995,2.27
t364,12.54656667,2.55
t365,11.37393333,2.48
t366,11.83556667,2.52
t367,12.33006667,2.37
t368,11.50148333,2.44
t369,9.9705,2.45
t370,9.843983333,2.38
t371,9.789666667,2.65
t372,9.126633333,2.69
t373,8.73175,2.98
t374,8.125666667,2.59
t375,7.971083333,2.32
t376,7.821766667,2.32
t377,7.008066667,2.18
t378,6.75135,2.16
t379,6.316366667,2.09
t380,5.819116667,2.13
t381,4.6231,2.49
t382,4.4823,2.42
t383,4.170766667,2.26
t384,4.347316667,2.62
t385,3.924583333,2.46
t386,3.308616667,2.28
t387,2.979633333,2.45
t388,2.4514,2.62
t389,1.678916667,2.3
t390,1.21045,2.79
t391,1.7749,2.22
t392,3.051583333,1.93
t393,3.60765,2.44
t394,4.87555,2.19
t395,6.59855,2.15
t396,7.280183333,2.29
t397,7.9089,2.08
t398,8.352766667,2.05
t399,8.411216667,2.27
t400,7.49935,2.2
t401,6.935,2.29
t402,6.51775,2.12
t403,5.774433333,2.24
t404,5.548733333,2.15
t405,6.891,2.66
t406,7.77345,2.11
t407,8.393933333,2.23
t408,9.625266667,2.05
t409,9.9416,2.24
t410,9.897916667,2.21
t411,9.73295,2.47
t412,9.514,2.39
t413,9.284066667,2.41
t414,8.657416667,2.51
t415,9.428483333,2.1
t416,9.1802,2.02
t417,8.8406,1.68
t418,7.817733333,1.99
t419,7.35575,1.72
t420,7.5488,1.87
t421,7.184866667,1.85
t422,6.77645,1.77
t423,6.3674,1.63
t424,5.4768,1.75
t425,4.178216667,1.57
t426,3.76085,1.53
t427,4.593683333,1.32
t428,5.506283333,1.43
t429,6.511116667,1.12
t430,7.3955,1.11
t431,7.466483333,1.13
t432,7.4767,1.09
t433,7.349316667,1.14
t434,7.803283333,1.07
t435,8.3525,1.15
t436,7.674583333,0.99
t437,8.029116667,1.04
t438,7.3831,0.96
t439,6.578533333,1
t440,7.270533333,1.08
t441,7.09125,0.97
t442,6.4768,0.84
t443,6.165333333,0.86
t444,5.553633333,0.84
t445,5.8815,0.86
t446,5.435366667,0.8
t447,6.28125,0.81
t448,6.860766667,0.8
t449,6.873816667,0.76
t450,7.654216667,0.78
t451,7.451383333,0.76
t452,7.989233333,0.73
t453,8.7132,0.81
t454,8.706716667,0.72
t455,10.24315,0.66
t456,11.87451667,0.7
t457,12.33346667,0.67
t458,12.4206,0.67
t459,12.45715,0.75
t460,12.66223333,0.78
t461,12.99745,0.87
t462,12.83371667,0.92
t463,13.01725,1.04
t464,13.64523333,1.11
t465,14.26,1.17
t466,14.35248333,1.23
t467,14.01566667,1.23
t468,13.89625,1.29
t469,13.35743333,1.35
t470,13.52318333,1.37
t471,13.39346667,1.31
t472,13.09708333,1.41
t473,13.20831667,1.51
t474,13.60126667,1.46
t475,13.48626667,1.56
t476,13.32618333,1.48
t477,13.6852,1.53
t478,14.50435,1.52
t479,14.94786667,1.57
t480,14.918,1.57
t481,15.80256667,1.69
t482,15.90608333,1.73
t483,16.59651667,1.88
t484,15.54305,1.9
t485,14.1742,1.94
t486,12.41883333,1.78
t487,9.640716667,1.76
t488,8.1115,1.74
t489,9.240716667,1.76
t490,9.001266667,1.72
t491,8.287466667,1.69
t492,9.696666667,1.69
t493,10.08955,1.78
t494,11.1507,1.79
t495,9.468,1.78
t496,7.024133333,1.71
t497,5.97765,1.54
t498,6.592666667,1.75
t499,5.81915,1.54
t500,4.7741,1.59
t501,4.238516667,1.63
t502,5.1826,1.62
t503,5.76965,1.55
t504,4.441066667,1.66
t505,5.272116667,1.69
t506,8.205116667,1.47
t507,9.29765,1.51
t508,9.672316667,1.58
t509,9.452116667,1.57
t510,8.091233333,1.5
t511,8.299583333,1.76
t512,7.82895,1.64
t513,7.138,1.52
t514,7.178216667,1.68
t515,7.729633333,1.54
t516,7.68155,1.61
t517,6.61485,1.59
t518,6.058983333,1.61
t519,4.632383333,1.83
t520,3.225483333,1.61
t521,2.531883333,1.76
t522,3.080466667,1.67
t523,3.88105,1.68
t524,5.2447,1.53
t525,6.903483333,1.53
t526,8.345066667,1.53
t527,8.582416667,1.45
t528,7.8712,1.56
t529,8.324816667,1.44
t530,9.5,1.4
t531,8.868966667,1.34
t532,7.975616667,1.44
t533,7.6698,1.3
t534,7.896916667,1.14
t535,8.46995,1.18
t536,9.03405,1.18
t537,8.652783333,1.23
t538,7.830233333,1.04
t539,7.543183333,0.97
t540,7.91095,1.12
t541,8.10535,1.1
t542,9.41645,0.88
t543,9.653783333,0.93
t544,11.36631667,0.89
t545,11.9849,1.02
t546,12.91835,1.02
t547,13.42733333,1.24
t548,13.12925,1.21
t549,13.28228333,1.15
t550,12.87741667,1.21
t551,10.49821667,1.19
t552,9.9753,1.15
t553,9.203683333,1.05
t554,8.61955,1.01
t555,8.60265,1.04
t556,8.06195,0.97
t557,8.3289,0.92
t558,8.501383333,0.98
t559,7.184033333,0.95
t560,6.221466667,0.93
t561,6.582,0.83
t562,6.4791,0.8
t563,6.38945,0.76
t564,5.442483333,0.75
t565,5.090316667,0.75
t566,4.43455,0.81
t567,4.547033333,0.75
t568,4.63105,0.69
t569,3.8896,0.75
t570,2.611333333,0.71
t571,2.181333333,0.74
t572,2.085433333,0.69
t573,2.48305,0.62
t574,2.618616667,0.65
t575,3.270416667,0.59
t576,3.110283333,0.63
t577,3.8198,0.55
t578,5.0854,0.5
t579,5.2511,0.52
t580,6.168966667,0.54
t581,5.622666667,0.57
t582,6.116733333,0.58
t583,6.554016667,0.6
t584,7.384583333,0.63
t585,7.66365,0.66
t586,7.91415,0.67
t587,6.990383333,0.72
t588,6.879866667,0.68
t589,7.012866667,0.65
t590,6.390766667,0.63
t591,6.627733333,0.64
t592,7.674716667,0.68
t593,8.457933333,0.68
t594,9.20715,0.72
t595,10.19141667,0.74
t596,10.8804,0.77
t597,10.64125,0.81
t598,11.0673,0.79
t599,11.66748333,0.83
t600,12.78668333,0.81
t601,12.32118333,0.83
t602,10.66576667,0.86
t603,10.15281667,0.79
t604,10.32935,0.73
t605,9.8796,0.75
t606,10.18731667,0.65
t607,7.809266667,0.65
t608,6.09675,0.7
t609,8.355483333,0.65
t610,10.2625,0.59
t611,10.41953333,0.65
t612,10.71098333,0.58
t613,11.00836667,0.58
t614,10.46113333,0.58
t615,10.70355,0.59
t616,11.32386667,0.72
t617,10.99171667,0.83
t618,9.862466667,0.94
t619,9.09845,0.93
t620,8.67795,0.91
t621,7.47765,0.89
t622,7.6594,0.81
t623,8.33445,0.8
t624,8.75865,0.83
t625,8.125433333,0.89
t626,7.362983333,0.92
t627,6.577633333,0.96
t628,5.364,0.93
t629,5.800766667,0.96
t630,6.20165,0.97
t631,6.229716667,1.04
t632,7.385366667,1.11
t633,8.653833333,1.21
t634,8.2829,1.21
t635,8.651333333,1.19
t636,8.503416667,1.26
t637,8.337633333,1.28
t638,8.073033333,1.35
t639,7.337733333,1.4
t640,6.805783333,1.41
t641,7.913683333,1.34
t642,8.342033333,1.31
t643,7.416516667,1.26
t644,7.032616667,1.27
t645,7.106516667,1.32
t646,7.130233333,1.33
t647,6.7538,1.44
t648,6.338783333,1.79
t649,6.6071,1.39
t650,5.489583333,1.67
t651,4.998,1.42
t652,4.289683333,1.56
t653,3.862233333,1.41
t654,4.64265,1.54
t655,4.626716667,1.52
t656,4.135916667,1.76
t657,2.718,1.6
t658,2.3452,1.74
t659,3.4155,1.53
t660,4.6976,1.64
t661,4.204316667,1.6
t662,5.49785,1.68
t663,5.224916667,1.64
t664,6.648716667,1.48
t665,7.471516667,1.53
t666,7.63525,1.37
t667,8.641,1.46
t668,9.820516667,1.54
t669,10.622,1.51
t670,10.7077,1.34
t671,10.0608,1.61
t672,10.40265,1.48
t673,11.04855,1.65
t674,11.59198333,1.58
t675,11.90503333,1.78
t676,12.37181667,1.8
t677,13.02531667,1.72
t678,13.86146667,1.72
t679,14.30766667,1.83
t680,13.87806667,1.88
t681,12.72065,1.83
t682,12.37973333,1.65
t683,12.35763333,1.78
t684,12.64643333,1.71
t685,13.09286667,1.63
t686,12.02371667,1.66
t687,11.2367,1.54
t688,11.54135,1.49
t689,12.33158333,1.43
t690,12.41083333,1.46
t691,12.31248333,1.45
t692,12.61708333,1.39
t693,13.60788333,1.43
t694,14.32783333,1.35
t695,13.97485,1.59
t696,12.05663333,1.28
t697,10.77556667,1.34
t698,11.1648,1.34
t699,10.3114,1.17
t700,11.2657,1.09
t701,12.8669,1.36
t702,13.83911667,1.41
t703,14.49718333,1.72
t704,14.52405,2.01
t705,14.69786667,2.08
t706,14.27513333,2.09
t707,14.08735,2.29
t708,13.96936667,2.55
t709,13.92231667,2.45
t710,14.03046667,2.68
t711,12.87221667,2.61
t712,13.12711667,2.67
t713,12.961,2.53
t714,13.11508333,2.56
t715,11.8202,2.42
t716,10.94536667,2.51
t717,10.4909,2.17
t718,10.18596667,2.25
t719,9.717783333,2.28
t720,9.498,2.15
t721,8.158433333,1.93
t722,8.6855,1.96
t723,8.933333333,1.97
t724,8.456016667,1.82
t725,7.487866667,1.47
t726,5.62265,1.55
t727,5.310933333,1.35
t728,5.948616667,1.28
t729,6.4773,1.28
t730,8.922666667,1.3
t731,12.73598333,1.18
t732,13.2869,1.32
t733,12.87476667,1.45
t734,13.61391667,1.45
t735,14.74136667,1.73
t736,13.64491667,1.86
t737,15.37943333,1.79
t738,15.52528333,1.91
t739,14.98915,2.04
t740,14.11343333,2
t741,13.83395,1.89
t742,15.17798333,1.96
t743,14.35601667,1.86
t744,13.01738333,2.35
t745,12.55013333,2.2
t746,13.30275,2.08
t747,12.3931,2.01
t748,12.53455,1.96
t749,12.06346667,1.85
t750,11.35353333,2.2
t751,11.06315,2.05
t752,11.2528,1.87
t753,10.69923333,2.01
t754,10.77391667,1.88
t755,10.10613333,1.82
t756,9.8976,1.78
t757,9.075233333,1.74
t758,9.05335,1.75
t759,8.120216667,1.64
t760,7.788783333,1.54
t761,6.450666667,1.45
t762,6.893533333,1.36
t763,6.91375,1.35
t764,6.60285,1.37
t765,6.546416667,1.28
t766,6.544783333,1.35
t767,6.504016667,1.34
t768,6.540633333,1.3
t769,6.64845,1.2
t770,6.2779,1.13
t771,7.553116667,1.23
t772,7.468233333,1.16
t773,7.63475,1.09
t774,8.2961,1.09
t775,7.9959,1.05
t776,8.297983333,1.03
t777,8.512633333,1
t778,7.73815,0.96
t779,9.540633333,1.04
t780,10.40595,1.06
t781,11.1841,1.2
t782,11.84965,1.2
t783,11.65888333,1.14
t784,12.31475,1.34
t785,12.60685,1.28
t786,12.67556667,1.45
t787,12.33761667,1.46
t788,11.49058333,1.5
t789,12.16778333,1.5
t790,11.51173333,1.52
t791,10.86818333,1.32
t792,11.173,1.14
t793,11.99825,1.15
t794,12.73038333,1.18
t795,12.5371,1.24
t796,12.72951667,1.26
t797,12.32556667,1.33
t798,12.23151667,1.34
t799,12.37275,1.33
t800,12.49868333,1.3
t801,12.11268333,1.33
t802,11.90231667,1.33
t803,11.81026667,1.41
t804,11.59358333,1.29
t805,11.506,1.23
t806,12.13876667,1.25
t807,13.1196,1.11
t808,12.45071667,1.17
t809,11.82661667,1.05
t810,12.26841667,1.16
t811,11.31733333,1.15
t812,12.10108333,1.2
t813,13.32911667,1.32
t814,12.88886667,1.2
t815,12.07396667,1.19
t816,12.32368333,1.27
t817,13.2545,1.25
t818,9.434666667,1.32
t819,8.608683333,1.44
t820,7.499233333,1.44
t821,7.4371,1.47
t822,8.804316667,1.64
t823,13.24831667,1.52
t824,13.66123333,1.58
t825,13.91318333,1.74
t826,13.83185,2.04
t827,14.36516667,2.08
t828,13.22763333,2.28
t829,13.40888333,2.13
t830,13.879,2.12
t831,14.35776667,2.12
t832,13.96763333,2.17
t833,14.00873333,2.29
t834,14.22153333,2.3
t835,14.38846667,2.24
t836,14.57595,2.48
t837,15.02078333,2.26
t838,15.82968333,2.47
t839,16.35796667,2.55
t840,17.11205,2.62
t841,17.15305,2.69
t842,16.08166667,2.78
t843,15.50418333,3.43
t844,16.0353,3.17
t845,16.28305,3.29
t846,16.50421667,3.21
t847,16.47711667,3.08
t848,16.77616667,3.47
t849,17.0781,3.62
t850,17.71955,3.88
t851,16.81873333,3.63
t852,16.73678333,3.79
t853,17.66413333,3.69
t854,17.2806,4.02
t855,16.00005,4.02
t856,16.2549,3.9
t857,17.56885,3.91
t858,17.63281667,3.51
t859,17.60966667,3.85
t860,17.0099,3.66
t861,16.74323333,4.18
t862,15.73681667,3.78
t863,16.85395,3.89
t864,17.99243333,3.93
t865,17.62966667,4.63
t866,16.9834,4.62
t867,17.1155,4.18
t868,16.65503333,4.05
t869,17.27355,3.82
t870,16.10188333,3.83
t871,16.4731,3.99
t872,16.85451667,4.37
t873,16.88293333,4.04
t874,16.95098333,3.89
t875,16.83873333,4.11
t876,17.39086667,4.22
t877,17.09648333,4.08
t878,17.85408333,4.73
t879,18.09183333,3.82
t880,18.53478333,4.23
t881,19.16773333,4.2
t882,18.94601667,4.38
t883,18.20763333,4.11
t884,19.4123,4.2
t885,21.00573333,4.38
t886,21.34013333,4.11
t887,21.97668333,4.66
t888,20.89888333,4.47
t889,19.66665,4.65
t890,19.92306667,5.15
t891,17.96385,5.54
t892,17.5857,4.54
t893,18.39795,4.27
t894,18.69431667,4.16
t895,18.39573333,4.17
t896,17.8456,4.42
t897,18.38248333,4.18
t898,18.48143333,4.48
t899,18.187,4.18
t900,17.77448333,4.25
t901,17.45043333,4.06
t902,17.23993333,4.51
t903,17.26835,4.42
t904,17.85065,4.49
t905,17.79548333,4.68
t906,17.24968333,4.84
t907,18.08,4.43
t908,18.42658333,3.93
t909,18.4996,3.9
t910,17.87343333,4.88
t911,17.45345,4.87
t912,16.88475,4.74
t913,16.94145,4.31
t914,16.4458,4
t915,15.86325,4.38
t916,15.18448333,4.23
t917,15.17465,3.92
t918,14.61513333,3.99
t919,12.89531667,3.96
t920,12.19678333,3.77
t921,11.49653333,3.84
t922,10.89166667,3.43
t923,9.86945,3.42
t924,9.62765,3.16
t925,8.864183333,2.98
t926,8.627666667,3
t927,8.343883333,2.72
t928,8.0556,2.74
t929,7.652283333,2.69
t930,7.4994,2.52
t931,7.051966667,2.56
t932,5.533583333,2.5
t933,4.015183333,2.35
t934,2.776616667,2.21
t935,1.893233333,2.23
t936,1.42055,1.98
t937,1.743233333,1.79
t938,2.160983333,1.76
t939,2.796266667,1.62
t940,3.715366667,1.67
t941,4.98345,1.83
t942,6.63275,1.61
t943,8.354033333,1.87
t944,8.80675,1.64
t945,8.527216667,1.63
t946,8.234083333,1.68
t947,7.918183333,1.77
t948,7.50355,1.71
t949,7.117016667,1.6
t950,6.216933333,1.64
t951,6.191766667,1.71
t952,5.554983333,1.49
t953,5.41505,1.62
t954,4.849816667,1.46
t955,4.449733333,1.47
t956,3.839133333,1.39
t957,3.415333333,1.42
t958,3.110616667,1.29
t959,3.378583333,1.21
t960,3.785766667,1.23
t961,4.651833333,1.11
t962,3.850333333,1.09
t963,6.572566667,1.12
t964,8.72,1.03
t965,10.2374,1.06
t966,11.51445,1.22
t967,11.38096667,1
t968,10.14736667,1.16
t969,9.782816667,1.05
t970,5.074066667,1.21
t971,3.059033333,1.04
t972,1.641616667,1.06
t973,1.5094,0.95
t974,4.2463,1.14
t975,4.99535,1.03
t976,3.486683333,1.04
t977,2.757266667,1.12
t978,2.275583333,1.05
t979,1.945733333,0.99
t980,3.237316667,1.01
t981,4.47895,0.95
t982,5.932466667,0.99
t983,7.303666667,1.02
t984,8.402183333,0.93
t985,9.253266667,1
t986,8.103933333,1
t987,7.9562,0.96
t988,7.454416667,1
t989,7.942916667,0.93
t990,7.93675,0.86
t991,6.861516667,0.86
t992,8.1724,0.88
t993,8.521,0.91
t994,7.913733333,0.93
t995,7.717533333,0.9
t996,7.162683333,0.94
t997,6.998116667,0.94
t998,6.643716667,0.95
t999,6.092616667,0.99
t1000,5.373666667,1.02
t1001,5.529766667,0.91
t1002,5.074766667,0.85
t1003,4.487016667,0.79
t1004,4.284233333,0.79
t1005,3.760116667,0.79
t1006,4.337216667,0.71
t1007,4.342133333,0.68
t1008,4.0675,0.66
t1009,4.622016667,0.64
t1010,4.750933333,0.7
t1011,4.935083333,0.64
t1012,5.68115,0.64
t1013,6.03975,0.57
t1014,6.442316667,0.65
t1015,6.71615,0.56
t1016,6.9956,0.6
t1017,7.61025,0.61
t1018,8.66785,0.55
t1019,9.77595,0.58
t1020,10.37625,0.65
t1021,11.22398333,0.58
t1022,11.4868,0.65
t1023,12.9854,0.74
t1024,14.49006667,0.83
t1025,14.69381667,1.03
t1026,15.93933333,1.25
t1027,15.88111667,1.46
t1028,17.54546667,1.86
t1029,19.00373333,1.9
t1030,18.74728333,2.04
t1031,15.44805,2.05
t1032,22.94041667,2.56
t1033,15.50696667,3.75
t1034,18.86608333,3.58
t1035,23.72815,2.86
t1036,23.61138333,3.39
t1037,22.17903333,3.59
t1038,22.95206667,4.06
t1039,23.69205,4.06
t1040,21.40133333,3.74
t1041,20.05568333,3.82
t1042,20.64965,3.28
t1043,22.14818333,3.28
t1044,21.9818,3.34
t1045,21.45798333,3.38
t1046,21.1151,3.05
t1047,23.68453333,3.02
t1048,22.91161667,3.33
t1049,21.15983333,3.21
t1050,20.7659,3.32
t1051,20.44926667,2.9
t1052,21.03488333,2.9
t1053,20.46455,2.86
t1054,20.05808333,3.05
t1055,19.58546667,3.16
t1056,19.38933333,3.02
t1057,19.03148333,2.85
t1058,18.61531667,2.57
t1059,17.19141667,2.67
t1060,15.89218333,2.61
t1061,15.51643333,2.24
t1062,15.06803333,2.15
t1063,14.66215,2.22
t1064,12.71145,1.98
t1065,12.12348333,1.89
t1066,12.10265,1.82
t1067,11.51151667,1.89
t1068,10.7836,1.71
t1069,10.93855,1.63
t1070,9.625066667,1.5
t1071,9.580266667,1.49
t1072,9.046566667,1.35
t1073,8.5518,1.26
t1074,8.49915,1.19
t1075,8.6333,1.07
t1076,9.50535,0.97
t1077,9.792616667,1.03
t1078,9.148433333,1.06
t1079,9.5028,1.01
t1080,9.491483333,1.16
t1081,10.29638333,1.18
t1082,9.178666667,1.2
t1083,9.836416667,1.24
t1084,9.14725,1.2
t1085,10.2178,1.16
t1086,10.72121667,1.17
t1087,10.43331667,1.23
t1088,9.514066667,1.19
t1089,8.047,1.14
t1090,6.588816667,1
t1091,5.564916667,0.85
t1092,3.613433333,0.75
t1093,2.595366667,0.7
t1094,2.29355,0.59
t1095,2.118766667,0.62
t1096,1.522016667,0.6
t1097,2.2056,0.61
t1098,3.649683333,0.52
t1099,3.637233333,0.48
t1100,4.44325,0.49
t1101,4.036166667,0.46
t1102,4.7945,0.4
t1103,5.314033333,0.42
t1104,5.411616667,0.4
t1105,5.6297,0.41
t1106,6.2503,0.44
t1107,5.841116667,0.44
t1108,4.324383333,0.49
t1109,4.247616667,0.51
t1110,4.222966667,0.54
t1111,3.984283333,0.5
t1112,4.351766667,0.46
t1113,4.312466667,0.45
t1114,4.3932,0.46
t1115,3.970666667,0.43
t1116,5.181666667,0.45
t1117,6.211083333,0.45
t1118,6.754633333,0.45
t1119,7.650633333,0.46
t1120,7.28095,0.5
t1121,6.902783333,0.51
t1122,7.6464,0.46
t1123,8.7609,0.56
t1124,10.95548333,0.57
t1125,12.56041667,0.71
t1126,14.02601667,0.84
t1127,15.85646667,1.17
t1128,18.0564,1.41
t1129,18.78721667,1.97
t1130,18.53228333,2.26
t1131,18.45071667,2.45
t1132,17.38675,2.71
t1133,18.3825,2.77
t1134,19.06578333,3.05
t1135,19.69723333,3.57
t1136,18.161,3.53
t1137,18.55236667,3.62
t1138,17.053,3.77
t1139,17.23893333,3.8
t1140,15.61513333,3.22
t1141,14.90398333,3.29
t1142,14.35286667,3.37
t1143,14.11786667,2.76
t1144,13.33591667,3.04
t1145,12.72825,3.23
t1146,12.6593,2.93
t1147,12.1611,3.01
t1148,11.0518,2.95
t1149,10.40976667,3.1
t1150,10.11995,2.83
t1151,10.69301667,2.62
t1152,10.86885,2.86
t1153,10.25226667,2.87
t1154,9.376033333,2.42
t1155,7.68375,2.36
t1156,7.897283333,2.47
t1157,6.9104,2.6
t1158,6.27235,2.38
t1159,6.792166667,2.16
t1160,6.916166667,2.06
t1161,6.43925,2.13
t1162,7.009266667,2.12
t1163,7.068316667,2.16
t1164,7.012533333,2.05
t1165,6.880683333,1.87
t1166,7.420783333,1.89
t1167,5.787533333,2.06
t1168,5.454833333,1.94
t1169,5.5002,1.64
t1170,6.426733333,1.7
t1171,7.199083333,1.81
t1172,8.8701,1.89
t1173,10.00436667,1.72
t1174,9.73135,1.47
t1175,11.18245,1.59
t1176,12.57883333,1.46
t1177,13.32946667,1.63
t1178,12.42486667,1.92
t1179,13.9375,1.84
t1180,14.01935,1.9
t1181,15.29953333,1.74
t1182,15.43198333,1.68
t1183,10.76873333,1.83
t1184,11.05385,1.6
t1185,10.69508333,1.54
t1186,10.95303333,1.43
t1187,11.16668333,1.43
t1188,11.86015,1.4
t1189,13.7356,1.54
t1190,12.7184,1.66
t1191,10.73491667,1.7
t1192,11.80318333,1.62
t1193,9.9253,1.41
t1194,10.79806667,1.37
t1195,10.9827,1.24
t1196,9.9942,1.22
t1197,9.5504,1.15
t1198,9.041733333,1.17
t1199,8.189683333,1.14
t1200,9.512516667,1.05
t1201,9.35915,1.11
t1202,9.353866667,1.04
t1203,8.7552,1.02
t1204,7.621733333,1.08
t1205,8.899316667,1
t1206,7.74805,0.86
t1207,7.493133333,0.9
t1208,6.796966667,0.9
t1209,6.226316667,0.9
t1210,5.599316667,0.76
t1211,5.3444,0.78
t1212,4.0425,0.74
t1213,3.149816667,0.67
t1214,2.866016667,0.71
t1215,1.922133333,0.66
t1216,0.9325,0.68
t1217,0.660016667,0.73
t1218,0.837516667,0.74
t1219,2.42985,0.67
t1220,3.581266667,0.69
t1221,3.585066667,0.65
t1222,3.683766667,0.64
t1223,4.30145,0.61
t1224,5.080466667,0.6
t1225,5.579633333,0.6
t1226,5.239083333,0.62
t1227,5.52305,0.67
t1228,6.103583333,0.72
t1229,6.801733333,0.75
t1230,6.615466667,0.67
t1231,5.722533333,0.69
t1232,5.258733333,0.66
t1233,4.08575,0.66
t1234,2.9187,0.57
t1235,2.1658,0.61
t1236,1.541266667,0.64
t1237,1.17495,0.56
t1238,1.819366667,0.56
t1239,2.139566667,0.62
t1240,2.655016667,0.63
t1241,2.1772,0.63
t1242,2.2512,0.65
t1243,3.153233333,0.61
t1244,3.94795,0.6
t1245,4.185183333,0.6
t1246,4.2256,0.52
t1247,4.588466667,0.55
t1248,5.3924,0.59
t1249,6.2015,0.53
t1250,7.4766,0.53
t1251,9.056833333,0.47
t1252,9.970066667,0.55
t1253,9.133833333,0.52
t1254,8.711,0.54
t1255,8.1485,0.56
t1256,6.753133333,0.56
t1257,5.146483333,0.54
t1258,5.866866667,0.55
t1259,5.190133333,0.49
t1260,7.139616667,0.54
t1261,8.198783333,0.5
t1262,9.794533333,0.62
t1263,10.03458333,0.73
t1264,8.883483333,0.86
t1265,8.4425,0.88
t1266,7.820816667,0.9
t1267,7.774116667,0.89
t1268,7.724733333,0.85
t1269,7.057833333,0.87
t1270,6.621716667,0.84
t1271,7.5509,0.8
t1272,7.9047,0.82
t1273,8.6638,0.82
t1274,8.497333333,0.79
t1275,8.248733333,0.83
t1276,8.228383333,0.79
t1277,9.092583333,0.79
t1278,9.395416667,0.77
t1279,11.4577,0.8
t1280,12.5512,0.92
t1281,13.64875,1.04
t1282,14.62591667,1.16
t1283,14.96501667,1.41
t1284,15.47951667,1.44
t1285,16.84831667,1.68
t1286,17.25843333,1.81
t1287,18.28681667,2.07
t1288,19.25368333,2.07
t1289,21.16648333,2.14
t1290,20.64383333,2.24
t1291,20.882,2.4
t1292,21.83861667,2.22
t1293,21.05118333,2.2
t1294,15.56893333,2.35
t1295,14.33791667,2.34
t1296,11.41693333,1.45
t1297,8.645983333,1.55
t1298,8.996383333,1.55
t1299,9.0052,1.4
t1300,9.50925,1.37
t1301,9.61575,1.24
t1302,7.315683333,1.28
t1303,4.731716667,1.35
t1304,4.374083333,1.25
t1305,2.527116667,1.44
t1306,2.5462,1.36
t1307,2.9007,1.27
t1308,2.9007,1.23
t1309,7.3899,1.26
t1310,8.226,1.24
t1311,8.296133333,1.24
t1312,7.204266667,1.29
t1313,6.32865,1.34
t1314,6.19975,1.28
t1315,6.838133333,1.29
t1316,8.032133333,1.27
t1317,7.414416667,1.44
t1318,8.5701,1.28
t1319,10.83243333,1.43
t1320,14.90161667,1.28
t1321,15.85215,1.46
t1322,17.27638333,1.32
t1323,18.12071667,1.54
t1324,18.51715,1.72
t1325,18.74733333,1.67
t1326,18.84251667,1.91
t1327,18.56923333,1.81
t1328,18.99653333,1.94
t1329,18.9516,1.89
t1330,19.34861667,2.04
t1331,20.75498333,2.21
t1332,22.2074,2.46
t1333,23.76781667,2.65
t1334,23.17226667,2.78
t1335,23.14105,2.78
t1336,24.47093333,2.99
t1337,24.9901,3.27
t1338,24.77343333,3.24
t1339,24.82996667,3.54
t1340,24.8916,3.94
t1341,23.9216,4.28
t1342,22.47306667,3.67
t1343,18.63816667,3.76
t1344,19.13161667,3.76
t1345,7.867266667,1.24
t1346,7.38655,1.07
t1347,6.251033333,1.08
t1348,5.6649,1.14
t1349,4.87215,1.3
t1350,4.42955,1.47
t1351,6.113383333,1.52
t1352,7.160666667,1.68
t1353,11.55866667,2.03
t1354,12.24248333,2.09
t1355,12.34185,2.07
t1356,13.30641667,1.97
t1357,15.24875,2.09
t1358,14.53258333,2.24
t1359,15.74543333,2.3
t1360,16.72476667,2.32
t1361,17.95936667,2.41
t1362,18.05725,2.46
t1363,18.00291667,2.81
t1364,16.29663333,2.72
t1365,14.98378333,2.06
t1366,13.40155,1.96
t1367,11.34171667,1.83
t1368,9.830883333,1.71
t1369,8.94265,1.31
t1370,10.13216667,1.23
t1371,12.34941667,1.31
t1372,13.4141,1.38
t1373,14.5035,1.56
t1374,15.52193333,1.6
t1375,16.0978,1.89
t1376,17.61795,2.25
t1377,17.73418333,2.47
t1378,17.6179,2.56
t1379,17.88588333,2.51
t1380,19.62228333,2.54
t1381,19.65451667,2.83
t1382,18.42651667,2.96
t1383,16.92161667,2.86
t1384,17.9003,2.8
t1385,19.29255,2.84
t1386,17.86108333,2.93
t1387,18.08771667,2.6
t1388,17.26598333,2.55
t1389,15.31995,2.47
t1390,14.24255,2.35
t1391,13.95503333,2.11
t1392,13.6249,2.12
t1393,13.46,1.87
t1394,12.2238,1.81
t1395,12.34915,1.57
t1396,12.70368333,1.6
t1397,12.71256667,1.55
t1398,12.63711667,1.55
t1399,12.81118333,1.71
t1400,12.18685,1.63
t1401,12.11808333,1.46
t1402,12.8064,1.48
t1403,12.75743333,1.62
t1404,11.05826667,1.49
t1405,10.0686,1.37
t1406,10.28241667,1.24
t1407,9.184366667,1.2
t1408,9.60005,1.27
t1409,10.63168333,1.2
t1410,10.386,1.32
t1411,10.66638333,1.26
t1412,10.37125,1.37
t1413,10.48576667,1.39
t1414,10.63993333,1.32
t1415,10.2734,1.32
t1416,9.530116667,1.33
t1417,9.6547,1.19
t1418,8.975216667,1.11
t1419,9.407683333,1.05
t1420,9.341016667,1.01
t1421,9.459766667,0.97
t1422,10.0016,1.1
t1423,10.40206667,1.16
t1424,9.8769,1.18
t1425,10.15065,1.18
t1426,9.282,1.27
t1427,9.169166667,1.11
t1428,8.933933333,1.04
t1429,8.3171,1.06
t1430,6.76955,0.98
t1431,5.998616667,0.89
t1432,5.517833333,0.87
t1433,4.893083333,0.79
t1434,5.311666667,0.69
t1435,5.079933333,0.68
t1436,4.240316667,0.65
t1437,2.767533333,0.59
t1438,1.843533333,0.63
t1439,1.963633333,0.58
t1440,1.084283333,0.52
t1441,1.5316,0.51
t1442,1.907333333,0.5
t1443,2.525633333,0.45
t1444,2.731933333,0.44
t1445,2.1789,0.42
t1446,1.73345,0.45
t1447,1.3575,0.47
t1448,1.635816667,0.46
t1449,2.85175,0.43
t1450,0.902016667,0.42
t1451,1.99045,0.48
t1452,3.020466667,0.45
t1453,3.038183333,0.45
t1454,4.499216667,0.45
t1455,6.395066667,0.47
t1456,6.29525,0.48
t1457,6.468233333,0.52
t1458,5.893583333,0.6
t1459,5.4262,0.55
t1460,4.61575,0.53
t1461,5.37285,0.52
t1462,5.629866667,0.51
t1463,5.477983333,0.47
t1464,5.69835,0.53
t1465,6.617216667,0.51
t1466,7.704483333,0.58
t1467,9.080983333,0.67
t1468,9.3506,0.76
t1469,8.460716667,0.83
t1470,6.984383333,0.79
t1471,7.048983333,0.72
t1472,8.383683333,0.68
t1473,10.02155,0.83
t1474,10.08245,0.91
t1475,10.89715,1.1
t1476,10.6979,1.1
t1477,9.808533333,1.05
t1478,8.699883333,0.97
t1479,8.213666667,0.87
t1480,8.185633333,0.8
t1481,7.896416667,0.77
t1482,8.7643,0.74
t1483,8.21405,0.71
t1484,8.385466667,0.7
t1485,8.247716667,0.75
t1486,7.040316667,0.69
t1487,6.633766667,0.67
t1488,6.7979,0.65
t1489,7.360883333,0.62
t1490,5.758816667,0.58
t1491,6.321033333,0.57
t1492,7.2355,0.55
t1493,7.012766667,0.6
t1494,7.295933333,0.6
t1495,7.973633333,0.58
t1496,9.839783333,0.67
t1497,11.27828333,0.73
t1498,11.1883,0.75
t1499,10.98303333,0.73
t1500,10.83611667,0.77
t1501,11.52963333,0.77
t1502,11.45445,0.77
t1503,11.5694,0.8
t1504,11.56905,0.79
t1505,10.70545,0.76
t1506,10.78031667,0.78
t1507,10.52346667,0.71
t1508,10.8629,0.81
t1509,12.59675,0.95
t1510,13.42455,1
t1511,13.67823333,1.38
t1512,13.51321667,1.42
t1513,12.76401667,1.7
t1514,11.83658333,1.68
t1515,11.12986667,1.72
t1516,10.41743333,1.55
t1517,9.461466667,1.56
t1518,10.0342,1.33
t1519,9.96645,1.46
t1520,9.311983333,1.3
t1521,8.7807,1.2
t1522,7.422983333,1.16
t1523,6.887533333,1.07
t1524,6.934816667,1.05
t1525,7.088283333,0.92
t1526,6.6875,0.9
t1527,6.66875,0.91
t1528,5.9504,0.88
t1529,5.290633333,0.96
t1530,4.932016667,0.94
t1531,4.12705,0.9
t1532,3.973566667,0.96
t1533,4.594233333,0.97
t1534,4.274266667,0.93
t1535,3.598833333,0.93
t1536,3.217366667,0.92
t1537,2.313183333,0.93
t1538,2.353916667,1.01
t1539,1.529483333,0.99
t1540,1.263633333,0.94
t1541,1.12635,0.98
t1542,0.898983333,1.07
t1543,1.1236,0.99
t1544,1.517383333,1.02
t1545,2.086616667,1.01
t1546,2.0268,1.01
t1547,3.3797,0.99
t1548,3.702866667,1.1
t1549,3.35095,1.07
t1550,2.910416667,1.05
t1551,1.988916667,1.09
t1552,2.410816667,1.05
t1553,1.832866667,0.96
t1554,1.828166667,1.09
t1555,2.387366667,0.97
t1556,2.27675,0.96
t1557,2.195816667,0.92
t1558,2.631083333,0.97
t1559,3.011083333,0.92
t1560,3.66525,0.86
t1561,3.438533333,0.85
t1562,3.665466667,0.84
t1563,3.37135,0.84
t1564,4.277,0.85
t1565,4.366216667,0.89
t1566,3.915016667,0.91
t1567,5.434883333,0.9
t1568,7.8979,0.94
t1569,9.202366667,1.02
t1570,9.38355,1.18
t1571,8.009766667,1.3
t1572,7.9928,1.33
t1573,7.646983333,1.3
t1574,7.901466667,1.25
t1575,7.346616667,1.3
t1576,7.9424,1.2
t1577,7.84615,1.17
t1578,7.60125,1.17
t1579,6.667983333,1.2
t1580,5.737783333,1.24
t1581,5.082833333,1.18
t1582,4.42425,1.02
t1583,4.661866667,1.08
t1584,5.0508,1
t1585,5.169116667,0.99
t1586,5.326716667,0.98
t1587,6.780083333,0.91
t1588,8.392316667,0.89
t1589,8.45945,0.95
t1590,9.734533333,0.86
t1591,9.586016667,0.79
t1592,9.83305,0.81
t1593,10.83226667,0.89
t1594,10.8187,0.9
t1595,10.42186667,0.8
t1596,10.33801667,0.77
t1597,10.79683333,0.76
t1598,10.9452,0.76
t1599,9.475816667,0.77
t1600,9.15765,0.71
t1601,10.17288333,0.75
t1602,9.128383333,0.73
t1603,8.32795,0.73
t1604,7.630066667,0.74
t1605,7.235916667,0.75
t1606,7.600716667,0.76
t1607,10.05673333,0.77
t1608,7.483083333,0.78
t1609,6.341733333,0.74
t1610,6.02055,0.67
t1611,6.217166667,0.67
t1612,6.276266667,0.65
t1613,6.313716667,0.67
t1614,5.18825,0.66
t1615,4.31085,0.64
t1616,2.952216667,0.57
t1617,2.262933333,0.55
t1618,2.7466,0.56
t1619,2.8213,0.57
t1620,2.839966667,0.6
t1621,2.956533333,0.57
t1622,3.970133333,0.54
t1623,3.812083333,0.56
t1624,4.062233333,0.55
t1625,3.879683333,0.53
t1626,3.133483333,0.51
t1627,2.376483333,0.52
t1628,2.330116667,0.52
t1629,2.4663,0.54
t1630,1.5327,0.48
t1631,1.95035,0.53
t1632,4.872666667,0.47
t1633,5.3711,0.48
t1634,6.903,0.5
t1635,5.956116667,0.54
t1636,6.971183333,0.54
t1637,7.229066667,0.58
t1638,7.714983333,0.58
t1639,7.8674,0.64
t1640,9.520716667,0.67
t1641,9.933083333,0.69
t1642,9.753083333,0.78
t1643,10.84283333,0.86
t1644,11.97408333,0.97
t1645,12.64026667,1.1
t1646,13.13513333,1.17
t1647,13.32491667,1.28
t1648,14.28591667,1.16
t1649,12.2021,1.21
t1650,12.9949,1.11
t1651,14.45406667,1.07
t1652,17.51125,1.14
t1653,17.49721667,1.14
t1654,16.99768333,1.12
t1655,14.80366667,1.12
t1656,10.5957,1.09
t1657,10.5957,1.24
t1658,10.5957,1.29
t1659,10.5957,1.68
t1660,10.5957,2.03
t1661,11.0843,2.43
t1662,12.02288333,2.84
t1663,11.6259,3.18
t1664,11.6259,3.25
t1665,11.6259,3.14
t1666,11.6259,3.14
t1667,11.6685,3.2
t1668,12.38765,2.91
t1669,12.63851667,3.15
t1670,14.14653333,3.26
t1671,13.32933333,3.26
t1672,11.24815,3.05
t1673,11.02003333,2.91
t1674,11.80943333,2.95
t1675,9.667733333,2.9
t1676,7.5313,2.75
t1677,7.410466667,2.82
t1678,8.1689,2.53
t1679,7.224866667,2.4
t1680,4.726833333,2.43
t1681,5.079633333,2.53
t1682,6.772083333,2.24
t1683,6.866916667,2.02
t1684,7.8795,1.97
t1685,7.454633333,2.02
t1686,9.713333333,2.06
t1687,9.021283333,1.83
t1688,9.784966667,2.07
t1689,9.727133333,1.81
t1690,10.19863333,1.76
t1691,11.19336667,1.75
t1692,12.6845,1.75
t1693,13.98643333,1.62
t1694,12.4059,1.71
t1695,13.59036667,1.57
t1696,12.87765,1.61
t1697,13.10998333,1.64
t1698,12.80833333,1.68
t1699,13.70371667,1.63
t1700,14.78411667,1.85
t1701,13.60236667,1.74
t1702,11.72941667,1.73
t1703,10.8464,1.35
t1704,12.97176667,1.52
t1705,12.87248333,1.67
t1706,12.55846667,1.74
t1707,12.74666667,1.72
t1708,14.57411667,1.74
t1709,14.555,1.67
t1710,14.52981667,1.8
t1711,12.37226667,1.85
t1712,12.3418,1.67
t1713,12.13486667,1.72
t1714,11.31936667,1.5
t1715,9.923533333,1.41
t1716,9.268566667,1.28
t1717,8.214633333,1.19
t1718,7.934366667,1.01
t1719,7.5432,0.89
t1720,6.194033333,0.81
t1721,5.7703,0.76
t1722,6.0643,0.68
t1723,6.207766667,0.66
t1724,7.473433333,0.62
t1725,7.2966,0.65
t1726,5.872216667,0.59
t1727,5.59735,0.58
t1728,5.90245,0.53
t1729,5.743516667,0.52
t1730,7.922266667,0.54
t1731,8.368283333,0.62
t1732,9.298483333,0.66
t1733,10.59766667,0.77
t1734,11.33253333,0.88
t1735,11.65555,0.97
t1736,13.46578333,1.25
t1737,15.33681667,1.44
t1738,14.39511667,1.59
t1739,14.16131667,1.72
t1740,14.41478333,1.78
t1741,13.64016667,1.65
t1742,13.78345,1.73
t1743,13.56673333,1.52
t1744,13.56121667,1.61
t1745,12.52993333,1.65
t1746,12.49123333,1.64
t1747,11.69158333,1.71
t1748,11.5434,1.68
t1749,11.20776667,1.84
t1750,10.00426667,1.84
t1751,11.16456667,1.93
t1752,11.41581667,1.84
t1753,11.69361667,1.85
t1754,12.02383333,1.92
t1755,11.57661667,1.84
t1756,11.08056667,1.6
t1757,8.563033333,1.39
t1758,6.732966667,1.34
t1759,6.384416667,1.18
t1760,5.3217,1.04
t1761,5.2161,0.92
t1762,5.016066667,0.86
t1763,5.543216667,0.82
t1764,5.333583333,0.75
t1765,4.455983333,0.78
t1766,4.208516667,0.78
t1767,4.41075,0.79
t1768,3.773316667,1.05
t1769,4.151733333,1.23
t1770,4.70165,1.33
t1771,5.3371,1.27
t1772,6.020816667,1.19
t1773,7.1735,1.05
t1774,8.791283333,1.11
t1775,8.9806,1.03
t1776,8.9806,1.1
t1777,8.9806,1.08
t1778,13.3764,1.08
t1779,13.5081,1.02
t1780,13.48553333,1.17
t1781,13.4626,1.18
t1782,13.4626,1.23
t1783,13.4626,1.37
t1784,7.095716667,1.37
t1785,4.31755,1.47
t1786,7.234866667,1.38
t1787,8.898716667,1.26
t1788,11.78315,1.13
t1789,14.39298333,1.43
t1790,15.46538333,1.69
t1791,16.81225,1.85
t1792,17.79901667,2.06
t1793,18.0918,2.22
t1794,20.30015,2.52
t1795,21.23216667,2.67
t1796,21.18631667,2.88
t1797,21.70216667,3.18
t1798,19.9932,3.17
t1799,18.97388333,2.97
t1800,19.01286667,2.56
t1801,16.61928333,2.62
t1802,15.48045,2.62
t1803,16.59743333,2.42
t1804,16.1215,2.51
t1805,14.53998333,2.35
t1806,14.04011667,2.08
t1807,13.87208333,1.84
t1808,13.30166667,1.79
t1809,13.77171667,1.61
t1810,13.66786667,1.79
t1811,12.18301667,1.81
t1812,11.7296,1.68
t1813,9.7896,1.62
t1814,8.785433333,1.36
t1815,8.112716667,1.28
t1816,8.356833333,1.13
t1817,6.53005,1.01
t1818,5.611016667,0.92
t1819,5.68405,0.76
t1820,7.08735,0.73
t1821,7.093283333,0.7
t1822,8.38755,0.77
t1823,9.928416667,0.85
t1824,11.02038333,0.96
t1825,11.12081667,1.06
t1826,10.5009,1.12
t1827,11.21118333,1.11
t1828,10.01403333,1
t1829,7.584483333,0.88
t1830,5.2832,0.86
t1831,5.244633333,0.74
t1832,6.2993,0.72
t1833,8.9881,0.67
t1834,10.97543333,0.77
t1835,10.49061667,0.9
t1836,11.3046,0.96
t1837,13.51701667,1.12
t1838,12.8694,1.14
t1839,12.08806667,1.23
t1840,10.78616667,1.25
t1841,9.3249,1.02
t1842,9.16565,1.02
t1843,8.788433333,0.98
t1844,7.815316667,0.89
t1845,5.884133333,0.78
t1846,4.5793,0.71
t1847,3.652216667,0.65
t1848,2.6766,0.66
t1849,1.947,0.59
t1850,1.853183333,0.57
t1851,2.87825,0.55
t1852,4.9015,0.54
t1853,7.042116667,0.52
t1854,9.602216667,0.55
t1855,11.05678333,0.66
t1856,7.962666667,0.85
t1857,7.092416667,0.78
t1858,10.90865,0.83
t1859,14.24131667,1.05
t1860,16.41038333,1.15
t1861,15.2634,1.58
t1862,14.0255,1.75
t1863,12.62883333,1.73
t1864,12.3718,1.46
t1865,12.44343333,1.53
t1866,11.22586667,1.54
t1867,11.89758333,1.61
t1868,13.23085,1.63
t1869,14.10901667,1.83
t1870,14.93113333,1.93
t1871,15.31773333,1.97
t1872,15.7172,1.92
t1873,15.92265,1.92
t1874,14.35571667,0.92
t1875,14.4589,0.92
t1876,16.40155,0.91
t1877,18.36793333,1.12
t1878,18.00705,1.24
t1879,17.69126667,1.22
t1880,18.33543333,1.35
t1881,18.80738333,1.39
t1882,18.53268333,1.47
t1883,18.882,1.35
t1884,18.6583,1.26
t1885,17.96586667,1.26
t1886,17.38026667,1.27
t1887,18.73208333,1.14
t1888,18.3098,1.09
t1889,18.652,1.1
t1890,19.45931667,1.12
t1891,19.90603333,1.12
t1892,19.0886,1.14
t1893,18.5132,1.16
t1894,18.60008333,1.08
t1895,19.6926,1.1
t1896,19.50298333,1.09
t1897,19.13963333,1.04
t1898,18.94005,1.08
t1899,18.7321,1.12
t1900,18.66713333,1.15
t1901,18.32718333,1.21
t1902,19.65055,1.31
t1903,18.95108333,1.57
t1904,19.30056667,1.43
t1905,20.16855,1.61
t1906,20.29981667,1.72
t1907,21.10506667,1.59
t1908,20.54641667,1.85
t1909,20.20238333,1.8
t1910,21.69026667,1.94
t1911,22.14691667,2.08
t1912,22.53341667,2.57
t1913,21.90758333,2.45
t1914,24.04085,2.99
t1915,23.22995,2.88
t1916,22.55506667,2.61
t1917,24.73886667,2.65
t1918,25.33918333,3.17
t1919,25.40316667,3.69
t1920,25.1863,3.05
t1921,25.95341667,3.46
t1922,25.11356667,3.32
t1923,23.1761,3.52
t1924,19.9014,3.67
t1925,17.24075,3.25
t1926,16.25756667,3.44
t1927,16.86505,2.97
t1928,16.78423333,3
t1929,15.05353333,2.75
t1930,13.94948333,2.8
t1931,11.2233,2.9
t1932,9.221633333,2.38
t1933,9.7933,2.51
t1934,9.9129,2.1
t1935,9.476766667,2.32
t1936,10.56566667,2.09
t1937,8.891966667,2.13
t1938,10.01783333,1.93
t1939,11.00245,1.9
t1940,11.34071667,1.87
t1941,11.20396667,2.06
t1942,10.80096667,1.99
t1943,10.65571667,1.84
t1944,10.78618333,1.89
t1945,10.66875,1.81
t1946,10.95256667,1.94
t1947,10.7688,1.82
t1948,10.9048,1.79
t1949,10.40071667,1.65
t1950,9.40435,1.65
t1951,7.76435,1.53
t1952,5.123116667,1.62
t1953,4.146566667,1.45
t1954,5.644566667,1.49
t1955,5.026033333,1.51
t1956,4.505766667,1.6
t1957,4.9025,1.54
t1958,7.814633333,1.51
t1959,7.145566667,1.39
t1960,6.966466667,1.38
t1961,6.890716667,1.33
t1962,7.1762,1.16
t1963,5.973283333,1.29
t1964,5.054266667,1.27
t1965,6.085116667,1.25
t1966,5.890083333,1.15
t1967,5.7579,1.2
t1968,6.704816667,1.08
t1969,6.8903,1.16
t1970,8.323683333,1.1
t1971,8.569933333,1.21
t1972,7.753433333,1.32
t1973,8.60945,1.28
t1974,10.04566667,1.34
t1975,7.396333333,1.36
t1976,6.668,1.25
t1977,7.04025,1.31
t1978,6.19395,1.26
t1979,7.095583333,1.23
t1980,7.329466667,1.17
t1981,5.9045,1.25
t1982,5.29255,1.18
t1983,5.017866667,1.19
t1984,4.019616667,1.06
t1985,3.791383333,1.12
t1986,3.5799,1
t1987,4.2139,1.15
t1988,4.8479,0.99
t1989,7.5868,0.94
t1990,8.162233333,1.11
t1991,9.976083333,1.06
t1992,8.372766667,1.1
t1993,6.860883333,1.03
t1994,7.9534,1.03
t1995,7.914983333,1.05
t1996,8.57885,1
t1997,7.436166667,1
t1998,6.017516667,1.13
t1999,5.038766667,1.04
t2000,3.1771,1
t2001,4.206366667,0.95
t2002,2.574033333,0.86
t2003,2.157833333,0.87
t2004,2.295083333,0.86
t2005,4.123466667,0.83
t2006,4.279266667,0.76
t2007,4.778016667,0.77
t2008,6.994466667,0.74
t2009,8.295383333,0.76
t2010,9.427483333,0.78
t2011,10.73188333,0.8
t2012,10.7288,0.83
t2013,11.93623333,0.94
t2014,13.37751667,1.05
t2015,16.13611667,1.15
t2016,16.7441,1.25
t2017,15.38103333,1.35
t2018,13.0617,1.23
t2019,12.36318333,1.12
t2020,15.89905,1.25
t2021,16.83575,1.34
t2022,16.34456667,1.79
t2023,19.17251667,2.22
t2024,18.14231667,2.47
t2025,19.31173333,2.42
t2026,19.70906667,2.68
t2027,19.51486667,3.02
t2028,19.92903333,2.99
t2029,20.0992,2.96
t2030,19.12086667,2.79
t2031,16.54751667,2.59
t2032,16.672,2.38
t2033,21.94295,2.81
t2034,21.14071667,2.88
t2035,19.95076667,2.72
t2036,21.29615,3.03
t2037,20.79986667,2.93
t2038,20.14781667,3.43
t2039,18.8946,2.96
t2040,17.5994,2.98
t2041,19.13108333,3.08
t2042,19.00003333,3.1
t2043,18.7414,2.94
t2044,18.57605,3.13
t2045,18.17986667,2.61
t2046,17.38955,2.81
t2047,16.00083333,2.81
t2048,15.14543333,2.73
t2049,14.17951667,2.2
t2050,12.98205,2.09
t2051,12.72456667,1.83
t2052,12.45578333,1.71
t2053,12.72365,1.82
t2054,11.63026667,1.67
t2055,9.636566667,1.69
t2056,8.694683333,1.46
t2057,7.537916667,1.44
t2058,7.380616667,1.4
t2059,6.40775,1.36
t2060,5.50815,1.31
t2061,4.55625,1.17
t2062,5.270683333,1.18
t2063,4.320583333,1.19
t2064,3.802716667,1.11
t2065,3.2947,1.03
t2066,2.265616667,0.91
t2067,2.022533333,0.9
t2068,3.191,0.86
t2069,5.32155,0.78
t2070,8.874283333,0.78
t2071,7.6786,0.91
t2072,6.2672,0.85
t2073,8.6609,0.85
t2074,9.534533333,0.97
t2075,11.85635,1.08
t2076,11.38381667,1.28
t2077,13.67541667,1.45
t2078,17.25703333,1.63
t2079,18.79911667,1.83
t2080,16.35535,2.06
t2081,15.98853333,2.35
t2082,17.73243333,2.31
t2083,17.97165,2.51
t2084,19.97301667,2.47
t2085,19.14491667,2.78
t2086,17.92431667,2.74
t2087,13.60585,2.57
t2088,12.1222,2.57
t2089,10.40641667,2.57
t2090,8.566166667,2.72
t2091,7.745333333,2.38
t2092,7.418583333,2.43
t2093,9.292283333,2.21
t2094,11.50926667,2.32
t2095,11.65003333,2.18
t2096,12.37401667,2.2
t2097,12.62463333,2.22
t2098,12.67938333,2.43
t2099,12.45756667,2.09
t2100,13.82145,2.26
t2101,15.45955,2.17
t2102,15.7578,2.37
t2103,15.99545,2.44
t2104,15.96471667,2.49
t2105,15.63028333,2.67
t2106,15.89545,2.67
t2107,15.20615,2.47
t2108,14.42101667,2.57
t2109,13.9694,2.23
t2110,13.71818333,2.35
t2111,13.12921667,2.13
t2112,14.17813333,2.29
t2113,14.16093333,2.34
t2114,13.64906667,2.07
t2115,13.30265,2.09
t2116,12.61925,2.06
t2117,13.25943333,2.17
t2118,13.01841667,2.22
t2119,12.46398333,2.1
t2120,13.10388333,2.25
t2121,12.9021,1.78
t2122,12.13673333,1.86
t2123,11.12101667,1.8
t2124,11.31143333,1.7
t2125,11.12253333,1.69
t2126,9.921783333,1.47
t2127,9.368416667,1.44
t2128,9.336066667,1.35
t2129,9.857533333,1.33
t2130,9.605916667,1.31
t2131,9.82485,1.36
t2132,9.1328,1.39
t2133,9.712583333,1.28
t2134,9.491266667,1.46
t2135,9.14465,1.34
t2136,9.181133333,1.43
t2137,9.7058,1.39
t2138,9.224683333,1.36
t2139,9.35015,1.4
t2140,9.288333333,1.3
t2141,8.936583333,1.19
t2142,8.0184,1.24
t2143,7.266333333,1.12
t2144,7.5663,1.09
t2145,7.862066667,1.04
t2146,8.724683333,1.04
t2147,8.058016667,1.04
t2148,7.440633333,0.97
t2149,7.844466667,0.97
t2150,8.09665,0.92
t2151,8.10775,0.97
t2152,6.779733333,0.94
t2153,5.744866667,0.83
t2154,6.508116667,0.83
t2155,6.903116667,0.81
t2156,7.307783333,0.88
t2157,7.5922,0.86
t2158,6.699183333,0.85
t2159,7.604833333,0.83
t2160,6.282583333,0.85
t2161,5.679583333,0.96
t2162,5.46965,0.87
t2163,4.884983333,0.81
t2164,4.628566667,0.81
t2165,4.529716667,0.72
t2166,4.202133333,0.71
t2167,4.053566667,0.66
t2168,3.0018,0.6
t2169,2.56335,0.56
t2170,3.72615,0.55
t2171,3.600916667,0.55
t2172,2.3409,0.53
t2173,4.519516667,0.52
t2174,4.261216667,0.49
t2175,3.215,0.49
t2176,2.090833333,0.52
t2177,1.82285,0.52
t2178,1.3847,0.53
t2179,1.5762,0.51
t2180,1.018116667,0.55
t2181,0.97465,0.54
t2182,1.92925,0.56
t2183,2.033316667,0.54
t2184,1.66805,0.52
t2185,1.70205,0.53
t2186,1.541433333,0.53
t2187,1.049366667,0.56
t2188,1.5461,0.6
t2189,2.25005,0.65
t2190,3.131783333,0.6
t2191,3.1188,0.6
t2192,2.897033333,0.67
t2193,1.800116667,0.69
t2194,3.544233333,0.66
t2195,4.749266667,0.74
t2196,4.4913,0.87
t2197,4.346616667,0.88
t2198,5.2561,0.8
t2199,4.24685,0.91
t2200,1.864033333,0.95
t2201,1.417416667,1.01
t2202,2.311216667,0.99
t2203,2.294516667,1.13
t2204,1.657633333,1.07
t2205,2.960966667,1.12
t2206,3.995083333,1.13
t2207,4.392666667,1.13
t2208,4.959616667,1.07
t2209,5.103383333,1.14
t2210,5.0877,1.04
t2211,6.578983333,1.04
t2212,6.886733333,1.2
t2213,6.503516667,1.2
t2214,6.979533333,1.24
t2215,8.15195,1.39
t2216,9.170916667,1.39
t2217,9.918283333,1.32
t2218,10.25158333,1.44
t2219,10.53063333,1.46
t2220,10.56965,1.37
t2221,10.54033333,1.52
t2222,10.68913333,1.51
t2223,10.58473333,1.5
t2224,11.60063333,1.49
t2225,11.31448333,1.59
t2226,11.08273333,1.5
t2227,10.6653,1.6
t2228,10.42275,1.7
t2229,11.92373333,1.7
t2230,13.5695,1.72
t2231,13.7094,1.74
t2232,14.87886667,1.81
t2233,15.17653333,1.84
t2234,15.74088333,1.86
t2235,16.85388333,2.35
t2236,16.55608333,2.2
t2237,16.82718333,2.35
t2238,19.46656667,2.34
t2239,20.52918333,2.48
t2240,21.51718333,2.57
t2241,14.19175,2.68
t2242,5.648883333,2.22
t2243,8.512133333,2.49
t2244,10.9424,2.43
t2245,11.7871,2.36
t2246,12.19301667,2.39
t2247,10.97166667,2.19
t2248,10.54911667,2.16
t2249,10.06088333,2.12
t2250,10.50378333,2
t2251,9.439183333,1.91
t2252,9.343383333,2.05
t2253,10.77558333,1.94
t2254,11.7796,1.96
t2255,10.948,1.89
t2256,10.89101667,1.84
t2257,9.90605,1.79
t2258,10.19691667,1.73
t2259,8.901433333,1.64
t2260,9.361566667,1.59
t2261,9.367533333,1.66
t2262,9.6677,1.41
t2263,9.18425,1.5
t2264,8.783383333,1.41
t2265,8.492316667,1.43
t2266,7.644183333,1.36
t2267,7.222166667,1.33
t2268,8.673633333,1.23
t2269,8.226233333,1.21
t2270,8.07235,1.19
t2271,9.71945,1.35
t2272,10.12153333,1.37
t2273,8.80485,1.13
t2274,7.97715,1.23
t2275,9.493183333,1.11
t2276,10.3251,1.18
t2277,10.38845,1.45
t2278,10.39763333,1.27
t2279,10.45171667,1.36
t2280,10.72486667,1.27
t2281,11.68381667,1.25
t2282,11.69425,1.36
t2283,11.87795,1.36
t2284,12.53278333,1.27
t2285,12.03155,1.27
t2286,10.90553333,1.28
t2287,10.984,1.15
t2288,10.275,1.18
t2289,10.32256667,1.13
t2290,9.863483333,1.08
t2291,10.21343333,1.1
t2292,10.66065,1.1
t2293,10.6334,1.16
t2294,9.772666667,1.02
t2295,9.810983333,0.98
t2296,10.76118333,1.03
t2297,10.76168333,1.1
t2298,10.23915,1.15
t2299,9.9429,1.13
t2300,10.48045,1.12
t2301,10.5454,1.15
t2302,11.1384,1.09
t2303,11.22396667,1.26
t2304,12.13566667,1.51
t2305,13.60141667,1.56
t2306,13.40996667,1.53
t2307,13.5912,1.55
t2308,12.71536667,1.55
t2309,12.06431667,1.51
t2310,11.37811667,1.51
t2311,9.7734,1.39
t2312,7.337866667,1.1
t2313,9.646133333,1.01
t2314,12.39908333,1.02
t2315,12.76143333,1.27
t2316,12.8382,1.39
t2317,11.3206,1.75
t2318,10.7045,1.34
t2319,12.35048333,1.4
t2320,12.41426667,1.3
t2321,12.57973333,1.4
t2322,12.17793333,1.35
t2323,11.4375,1.57
t2324,10.44953333,1.6
t2325,9.945016667,1.39
t2326,11.66643333,1.4
t2327,11.01373333,1.4
t2328,11.16918333,1.51
t2329,10.24956667,1.45
t2330,9.627783333,1.3
t2331,9.006133333,1.18
t2332,8.288,1.2
t2333,8.346683333,1.23
t2334,8.301733333,1.1
t2335,9.294283333,1.04
t2336,9.025816667,1.14
t2337,8.9599,1.09
t2338,9.632333333,1.08
t2339,10.01963333,1.08
t2340,9.56305,1.05
t2341,7.8883,1.04
t2342,6.549416667,0.98
t2343,7.52915,0.88
t2344,9.542333333,0.95
t2345,10.1214,1.03
t2346,9.204833333,1.21
t2347,7.67145,1.04
t2348,6.752333333,0.99
t2349,6.693383333,1.03
t2350,7.238683333,1.02
t2351,6.71595,1.01
t2352,6.993883333,0.97
t2353,7.425383333,0.98
t2354,7.570533333,1
t2355,7.0401,0.92
t2356,5.35055,0.94
t2357,4.630266667,0.86
t2358,4.971433333,0.77
t2359,5.37735,0.8
t2360,5.535116667,0.75
t2361,5.792416667,0.74
t2362,5.46445,0.77
t2363,5.587666667,0.78
t2364,6.439233333,0.81
t2365,6.853866667,0.91
t2366,7.12695,0.92
t2367,7.21,0.92
t2368,6.803816667,1.03
t2369,6.401166667,0.97
t2370,6.665433333,0.97
t2371,7.296933333,1
t2372,7.089366667,0.98
t2373,6.786533333,0.99
t2374,6.95265,0.94
t2375,7.525366667,0.9
t2376,7.360216667,0.93
t2377,8.31145,0.94
t2378,8.22205,0.98
t2379,8.07845,0.93
t2380,7.662266667,0.97
t2381,6.4074,0.98
t2382,4.6167,0.93
t2383,3.939216667,0.94
t2384,3.413666667,0.88
t2385,5.298533333,0.92
t2386,6.1205,0.92
t2387,6.174966667,0.94
t2388,6.21525,1
t2389,5.632466667,0.91
t2390,5.730116667,0.92
t2391,5.871266667,0.94
t2392,5.900883333,0.95
t2393,6.688333333,0.9
t2394,8.237866667,0.88
t2395,8.81935,0.98
t2396,6.3103,0.96
t2397,5.871066667,0.92
t2398,5.231716667,1.01
t2399,5.594483333,0.93
t2400,6.05995,0.96
t2401,6.496016667,0.98
t2402,6.11325,1
t2403,6.036033333,1.08
t2404,5.472083333,1.09
t2405,6.190683333,1.29
t2406,6.1427,1.41
t2407,5.16265,1.42
t2408,5.439683333,1.42
t2409,6.226266667,1.38
t2410,6.454516667,1.53
t2411,6.472866667,1.51
t2412,5.40495,1.49
t2413,4.381666667,1.6
t2414,3.554083333,1.65
t2415,3.739183333,1.39
t2416,3.692566667,1.34
t2417,3.7079,1.38
t2418,4.636216667,1.34
t2419,6.652633333,1.32
t2420,7.58995,1.36
t2421,8.751816667,1.58
t2422,9.276366667,1.72
t2423,9.859233333,1.76
t2424,12.13621667,1.76
t2425,13.21315,1.98
t2426,13.05553333,1.86
t2427,12.11123333,1.99
t2428,12.29686667,1.85
t2429,10.2409,1.65
t2430,10.01253333,1.67
t2431,8.60995,1.5
t2432,9.643866667,1.47
t2433,9.456116667,1.41
t2434,10.72563333,1.35
t2435,10.97506667,1.43
t2436,9.632833333,1.5
